measure,scenario,low,high,unit,scope,source
capacity,Private motor vehicles,600,1600,people/hour,3-m lane or equivalent; peak conditions; normal operation; two-way bikeway both directions,https://nacto.org/wp-content/uploads/Fabrizio_Prati_Safe_Speeds_NACTO18.pdf
capacity,Two-way protected bikeway,6500,7500,people/hour,3-m lane or equivalent; peak conditions; normal operation; two-way bikeway both directions,https://nacto.org/wp-content/uploads/Fabrizio_Prati_Safe_Speeds_NACTO18.pdf
capacity,Dedicated transit lanes,4000,8000,people/hour,3-m lane or equivalent; peak conditions; normal operation; two-way bikeway both directions,https://nacto.org/wp-content/uploads/Fabrizio_Prati_Safe_Speeds_NACTO18.pdf
capacity,Sidewalk,8000,9000,people/hour,3-m lane or equivalent; peak conditions; normal operation; two-way bikeway both directions,https://nacto.org/wp-content/uploads/Fabrizio_Prati_Safe_Speeds_NACTO18.pdf
capacity,"On-street transitway, bus or rail",10000,25000,people/hour,3-m lane or equivalent; peak conditions; normal operation; two-way bikeway both directions,https://nacto.org/wp-content/uploads/Fabrizio_Prati_Safe_Speeds_NACTO18.pdf
vehicle count,1 per car,60.0,60.0,cars,60 travelers including drivers; illustrative,weird.stats model
vehicle weight per person,1 per car,4000.0,4000.0,lb/person,Illustrative 4000 lb vehicle; occupants excluded from vehicle weight,weird.stats model
vehicle count,2 per car,30.0,30.0,cars,60 travelers including drivers; illustrative,weird.stats model
vehicle weight per person,2 per car,2000.0,2000.0,lb/person,Illustrative 4000 lb vehicle; occupants excluded from vehicle weight,weird.stats model
vehicle count,3 per car,20.0,20.0,cars,60 travelers including drivers; illustrative,weird.stats model
vehicle weight per person,3 per car,1333.3333333333333,1333.3333333333333,lb/person,Illustrative 4000 lb vehicle; occupants excluded from vehicle weight,weird.stats model
vehicle count,4 per car,15.0,15.0,cars,60 travelers including drivers; illustrative,weird.stats model
vehicle weight per person,4 per car,1000.0,1000.0,lb/person,Illustrative 4000 lb vehicle; occupants excluded from vehicle weight,weird.stats model
vehicle count,60 bus passengers,1,1,bus,Illustrative load; bus operator additional; no bus mass modeled,weird.stats model
energy to wheels,gasoline combined cycle,18,25,percent of fuel energy,55% city 45% highway; excludes upstream and manufacturing,https://www.fueleconomy.gov/feg/atv.shtml
efficiency including net regenerative recovery,EV combined cycle,87,91,percent,Vehicle-level; excludes electricity generation and manufacturing,https://www.energy.gov/cmei/vehicles/articles/fotw-1360-sept-16-2024-typical-ev-87-91-efficient-compared-30-conventional
traffic traveler count,32 solo drivers plus 60 bus passengers,92,92,travelers,Bus operator additional; separate illustrative population,weird.stats model
traffic vehicle count,32 solo cars plus one bus,33,33,vehicles,Illustrative four-way junction; not to scale,weird.stats model
kinetic energy,2000 lb at 20 mph,26743.430903179647,26743.430903179647,ft·lbf,Illustrative vehicle weight converted to mass; translational only; no collision or injury prediction,https://openstax.org/books/college-physics-2e/pages/7-2-kinetic-energy-and-the-work-energy-theorem
equivalent free-fall height,2000 lb at 20 mph,13.367149167516136,13.367149167516136,ft,Ideal fall from rest; g=9.81 m/s2; no air resistance; energy equivalence only,https://openstax.org/books/college-physics-2e/pages/7-3-gravitational-potential-energy
kinetic energy,2000 lb at 30 mph,60172.719532154195,60172.719532154195,ft·lbf,Illustrative vehicle weight converted to mass; translational only; no collision or injury prediction,https://openstax.org/books/college-physics-2e/pages/7-2-kinetic-energy-and-the-work-energy-theorem
equivalent free-fall height,2000 lb at 30 mph,30.07608562691131,30.07608562691131,ft,Ideal fall from rest; g=9.81 m/s2; no air resistance; energy equivalence only,https://openstax.org/books/college-physics-2e/pages/7-3-gravitational-potential-energy
kinetic energy,2000 lb at 40 mph,106973.72361271859,106973.72361271859,ft·lbf,Illustrative vehicle weight converted to mass; translational only; no collision or injury prediction,https://openstax.org/books/college-physics-2e/pages/7-2-kinetic-energy-and-the-work-energy-theorem
equivalent free-fall height,2000 lb at 40 mph,53.46859667006454,53.46859667006454,ft,Ideal fall from rest; g=9.81 m/s2; no air resistance; energy equivalence only,https://openstax.org/books/college-physics-2e/pages/7-3-gravitational-potential-energy
kinetic energy,2000 lb at 60 mph,240690.87812861678,240690.87812861678,ft·lbf,Illustrative vehicle weight converted to mass; translational only; no collision or injury prediction,https://openstax.org/books/college-physics-2e/pages/7-2-kinetic-energy-and-the-work-energy-theorem
equivalent free-fall height,2000 lb at 60 mph,120.30434250764525,120.30434250764525,ft,Ideal fall from rest; g=9.81 m/s2; no air resistance; energy equivalence only,https://openstax.org/books/college-physics-2e/pages/7-3-gravitational-potential-energy
kinetic energy,4000 lb at 20 mph,53486.861806359295,53486.861806359295,ft·lbf,Illustrative vehicle weight converted to mass; translational only; no collision or injury prediction,https://openstax.org/books/college-physics-2e/pages/7-2-kinetic-energy-and-the-work-energy-theorem
equivalent free-fall height,4000 lb at 20 mph,13.367149167516136,13.367149167516136,ft,Ideal fall from rest; g=9.81 m/s2; no air resistance; energy equivalence only,https://openstax.org/books/college-physics-2e/pages/7-3-gravitational-potential-energy
kinetic energy,4000 lb at 30 mph,120345.43906430839,120345.43906430839,ft·lbf,Illustrative vehicle weight converted to mass; translational only; no collision or injury prediction,https://openstax.org/books/college-physics-2e/pages/7-2-kinetic-energy-and-the-work-energy-theorem
equivalent free-fall height,4000 lb at 30 mph,30.07608562691131,30.07608562691131,ft,Ideal fall from rest; g=9.81 m/s2; no air resistance; energy equivalence only,https://openstax.org/books/college-physics-2e/pages/7-3-gravitational-potential-energy
kinetic energy,4000 lb at 40 mph,213947.44722543718,213947.44722543718,ft·lbf,Illustrative vehicle weight converted to mass; translational only; no collision or injury prediction,https://openstax.org/books/college-physics-2e/pages/7-2-kinetic-energy-and-the-work-energy-theorem
equivalent free-fall height,4000 lb at 40 mph,53.46859667006454,53.46859667006454,ft,Ideal fall from rest; g=9.81 m/s2; no air resistance; energy equivalence only,https://openstax.org/books/college-physics-2e/pages/7-3-gravitational-potential-energy
kinetic energy,4000 lb at 60 mph,481381.75625723356,481381.75625723356,ft·lbf,Illustrative vehicle weight converted to mass; translational only; no collision or injury prediction,https://openstax.org/books/college-physics-2e/pages/7-2-kinetic-energy-and-the-work-energy-theorem
equivalent free-fall height,4000 lb at 60 mph,120.30434250764525,120.30434250764525,ft,Ideal fall from rest; g=9.81 m/s2; no air resistance; energy equivalence only,https://openstax.org/books/college-physics-2e/pages/7-3-gravitational-potential-energy
kinetic energy,8000 lb at 20 mph,106973.72361271859,106973.72361271859,ft·lbf,Illustrative vehicle weight converted to mass; translational only; no collision or injury prediction,https://openstax.org/books/college-physics-2e/pages/7-2-kinetic-energy-and-the-work-energy-theorem
equivalent free-fall height,8000 lb at 20 mph,13.367149167516136,13.367149167516136,ft,Ideal fall from rest; g=9.81 m/s2; no air resistance; energy equivalence only,https://openstax.org/books/college-physics-2e/pages/7-3-gravitational-potential-energy
kinetic energy,8000 lb at 30 mph,240690.87812861678,240690.87812861678,ft·lbf,Illustrative vehicle weight converted to mass; translational only; no collision or injury prediction,https://openstax.org/books/college-physics-2e/pages/7-2-kinetic-energy-and-the-work-energy-theorem
equivalent free-fall height,8000 lb at 30 mph,30.07608562691131,30.07608562691131,ft,Ideal fall from rest; g=9.81 m/s2; no air resistance; energy equivalence only,https://openstax.org/books/college-physics-2e/pages/7-3-gravitational-potential-energy
kinetic energy,8000 lb at 40 mph,427894.89445087436,427894.89445087436,ft·lbf,Illustrative vehicle weight converted to mass; translational only; no collision or injury prediction,https://openstax.org/books/college-physics-2e/pages/7-2-kinetic-energy-and-the-work-energy-theorem
equivalent free-fall height,8000 lb at 40 mph,53.46859667006454,53.46859667006454,ft,Ideal fall from rest; g=9.81 m/s2; no air resistance; energy equivalence only,https://openstax.org/books/college-physics-2e/pages/7-3-gravitational-potential-energy
kinetic energy,8000 lb at 60 mph,962763.5125144671,962763.5125144671,ft·lbf,Illustrative vehicle weight converted to mass; translational only; no collision or injury prediction,https://openstax.org/books/college-physics-2e/pages/7-2-kinetic-energy-and-the-work-energy-theorem
equivalent free-fall height,8000 lb at 60 mph,120.30434250764525,120.30434250764525,ft,Ideal fall from rest; g=9.81 m/s2; no air resistance; energy equivalence only,https://openstax.org/books/college-physics-2e/pages/7-3-gravitational-potential-energy
